Frame,FPS,Distance_x,Distance_y,bbox_xmin,bbox_ymin,bbox_xmax,bbox_ymax,Prop_roi(%),Time,Roi_time,In_roi,Tracking_success,Refound_tracking,camera_pan,camera_tilt,object_pan1,object_tilt1,object_tilt2,object_pan2,img_center_x,img_center_y
1,17.77,39,39,218.37515258789062,87.841796875,345,197,0.0,0.08,0,False,True,0,499,230,490,193,840,498,320,180
2,17.92,38,38,221.48031616210938,90.48918151855469,345,195,0.0,0.17,0,False,True,0,501,232,490,193,840,498,320,180
3,17.66,38,39,222.73016357421875,90.76576232910156,343,193,0.0,0.27,0,False,True,0,503,234,490,193,840,498,320,180
4,16.92,38,41,224.1327667236328,90.96859741210938,342,190,0.0,0.36,0,False,True,0,505,236,490,193,840,498,320,180
5,17.6,38,42,224.7733612060547,90.60295104980469,340,188,0.0,0.44,0,False,True,0,507,237,490,193,840,498,320,180
6,17.83,38,43,225.99948120117188,90.09919738769531,340,185,0.0,0.53,0,False,True,0,509,239,490,193,840,498,320,180
7,18.3,29,38,236.28367614746094,96.13702392578125,347,188,0.0,0.62,0,False,True,0,511,241,490,193,840,498,320,180
8,18.65,21,28,245.41598510742188,107.25944519042969,354,197,0.0,0.7,0,True,True,0,511,243,490,193,840,498,320,180
9,19.17,11,20,255.69615173339844,116.08766174316406,364,205,8.92,0.78,0.07,True,True,0,511,243,490,193,840,498,320,180
10,18.1,4,18,263.6055908203125,119.61062622070312,370,207,17.2,0.87,0.15,True,True,0,511,243,490,193,840,498,320,180
11,19.01,-1,15,268.564697265625,122.89179992675781,375,209,23.54,0.95,0.22,True,True,0,511,243,490,193,840,498,320,180
12,19.04,-12,5,278.5888671875,132.26528930664062,387,219,28.84,1.04,0.3,True,True,0,511,243,490,193,840,498,320,180
13,19.59,-14,-3,281.47381591796875,141.38824462890625,388,226,32.67,1.12,0.36,True,True,0,511,243,490,193,840,498,320,180
14,17.72,-14,-5,282.05706787109375,144.625732421875,387,228,36.71,1.21,0.44,True,True,0,511,243,490,193,840,498,320,180
15,16.78,-14,-5,282.1815185546875,144.9186248779297,387,227,40.26,1.3,0.52,True,True,0,511,243,490,193,840,498,320,180
16,17.66,-13,-6,281.62628173828125,145.12403869628906,386,227,43.35,1.39,0.6,True,True,0,511,243,490,193,840,498,320,180
17,17.12,-15,-5,282.39666748046875,144.32351684570312,388,227,46.14,1.48,0.68,True,True,0,511,243,490,193,840,498,320,180
18,17.91,-14,-4,281.1656799316406,143.25759887695312,387,226,48.39,1.57,0.75,True,True,0,511,243,490,193,840,498,320,180
19,17.29,-15,-5,282.00006103515625,144.17469787597656,389,227,50.65,1.66,0.84,True,True,0,511,243,490,193,840,498,320,180
20,17.5,-14,-4,281.48199462890625,143.75424194335938,389,227,52.38,1.75,0.91,True,True,0,511,243,490,193,840,498,320,180
21,18.09,-14,-5,281.3099365234375,144.78164672851562,389,227,54.04,1.84,0.99,True,True,0,511,243,490,193,840,498,320,180
22,17.83,-15,-6,281.634521484375,145.25299072265625,389,228,55.68,1.93,1.07,True,True,0,511,243,490,193,840,498,320,180
23,17.78,-15,-4,281.3056335449219,143.62118530273438,390,227,56.94,2.02,1.14,True,True,0,511,243,490,193,840,498,320,180
24,17.86,-15,-5,281.01507568359375,144.37355041503906,390,227,58.29,2.11,1.22,True,True,0,511,243,490,193,840,498,320,180
25,16.64,-15,-4,280.890869140625,143.4845733642578,391,227,59.61,2.2,1.31,True,True,0,511,243,490,193,840,498,320,180
26,17.53,-15,-5,280.69073486328125,144.36236572265625,390,227,60.73,2.29,1.39,True,True,0,511,243,490,193,840,498,320,180
27,17.67,-15,-5,280.92620849609375,144.3531494140625,391,227,61.68,2.38,1.46,True,True,0,511,243,490,193,840,498,320,180
28,16.85,-15,-5,280.86358642578125,144.5460968017578,391,227,62.63,2.48,1.54,True,True,0,511,243,490,193,840,498,320,180
29,18.1,-15,-5,280.58282470703125,144.47555541992188,391,227,63.53,2.57,1.62,True,True,0,511,243,490,193,840,498,320,180
30,17.76,-16,-3,280.5684509277344,142.44448852539062,393,226,64.29,2.66,1.7,True,True,0,511,243,490,193,840,498,320,180
31,16.43,-15,-4,280.6993408203125,143.71400451660156,392,226,65.01,2.76,1.78,True,True,0,511,243,490,193,840,498,320,180
32,16.5,-15,-4,280.8309326171875,143.67938232421875,392,226,65.73,2.86,1.87,True,True,0,511,243,490,193,840,498,320,180
33,15.61,-14,-5,279.179443359375,144.0008087158203,390,226,66.47,2.96,1.96,True,True,0,511,243,490,193,840,498,320,180
34,15.71,-14,-4,279.8905944824219,144.85569763183594,391,226,66.89,3.06,2.04,True,True,0,511,243,490,193,840,498,320,180
35,16.09,-16,-3,280.3382263183594,142.73165893554688,393,225,67.47,3.17,2.12,True,True,0,511,243,491,193,840,495,320,180
36,15.25,-15,-3,279.8861389160156,143.59934997558594,392,225,67.83,3.27,2.21,True,True,0,511,243,516,193,840,471,320,180
37,15.67,-15,-4,279.7296142578125,144.21002197265625,392,225,68.16,3.38,2.29,True,True,0,511,243,535,193,840,451,320,180
38,15.58,-15,-3,279.9149169921875,143.68133544921875,392,224,68.56,3.48,2.38,True,True,0,511,243,555,193,840,429,320,180
39,15.61,-16,-5,280.19207763671875,145.0977783203125,392,226,68.98,3.59,2.46,True,True,0,511,243,577,193,840,408,320,180
40,16.64,-15,-3,279.5093994140625,143.66184997558594,392,224,69.2,3.69,2.54,True,True,0,511,243,597,193,840,386,320,180
41,15.41,0,-3,263.9628601074219,142.7890625,379,226,69.54,3.8,2.63,True,True,0,511,243,618,193,840,362,320,180
42,16.31,21,-4,241.23338317871094,142.2187957763672,357,227,69.86,3.9,2.71,True,True,0,511,243,639,193,840,340,320,180
43,15.57,41,-4,221.69847106933594,141.61160278320312,337,227,68.03,4.0,2.71,False,True,0,511,243,661,193,840,316,320,180
44,15.56,57,-3,205.72288513183594,140.58399963378906,322,227,66.31,4.11,2.71,False,True,0,513,243,682,193,840,305,320,180
45,16.55,74,-2,188.99688720703125,139.61917114257812,305,227,64.74,4.21,2.71,False,True,0,515,243,686,193,840,305,320,180
46,15.11,89,-1,173.90084838867188,137.2681884765625,290,225,63.14,4.31,2.71,False,True,0,519,243,686,193,840,305,320,180
47,15.95,106,1,156.18597412109375,134.86964416503906,274,225,61.67,4.42,2.71,False,True,0,522,243,686,193,840,305,320,180
48,15.98,124,3,137.89559936523438,131.7333221435547,257,224,60.26,4.52,2.71,False,True,0,526,243,686,193,840,305,320,180
49,18.48,137,7,124.59555053710938,127.73765563964844,244,220,59.05,4.61,2.71,False,True,0,532,243,686,193,840,305,320,180
50,17.49,139,8,121.42079162597656,126.78298950195312,241,220,57.91,4.7,2.71,False,True,0,538,243,686,193,840,305,320,180
51,18.23,125,8,134.2840576171875,125.19297790527344,257,220,56.86,4.78,2.71,False,True,0,545,243,686,193,840,305,320,180
52,17.08,109,8,148.64122009277344,124.68524169921875,274,221,55.82,4.87,2.71,False,True,0,551,243,686,193,840,305,320,180
53,16.74,94,8,163.86167907714844,124.87644958496094,291,222,54.79,4.96,2.71,False,True,0,556,243,686,193,840,305,320,180
54,18.3,71,6,185.5279541015625,125.56005859375,314,223,53.84,5.05,2.71,False,True,0,559,243,686,193,840,305,320,180
55,18.17,54,6,201.370849609375,125.02764892578125,331,223,52.93,5.14,2.71,False,True,0,563,243,686,193,840,305,320,180
56,17.85,33,7,222.69229125976562,124.92544555664062,353,223,52.03,5.23,2.71,False,True,0,565,243,686,193,840,305,320,180
57,17.72,9,7,246.68130493164062,124.11521911621094,378,222,51.17,5.31,2.71,True,True,0,568,243,686,193,840,305,320,180
58,17.84,-12,8,266.6162109375,124.662109375,398,222,50.34,5.4,2.71,True,True,0,568,243,686,193,840,305,320,180
59,18.72,-30,8,284.1943664550781,124.54533386230469,417,222,49.52,5.49,2.71,True,True,0,568,243,686,193,840,305,320,180
60,17.37,-38,6,293.86865234375,126.0830078125,425,222,52.93,5.58,2.95,False,True,0,568,243,686,193,840,305,320,180
61,17.75,-51,7,305.35089111328125,125.87968444824219,437,222,52.12,5.67,2.95,False,True,0,565,243,686,193,840,305,320,180
62,16.92,-60,7,314.32489013671875,125.3138427734375,447,221,51.3,5.76,2.95,False,True,0,561,243,686,193,840,305,320,180
63,17.51,-62,6,317.6610412597656,127.21586608886719,448,221,50.51,5.85,2.95,False,True,0,558,243,686,193,840,305,320,180
64,18.87,-62,8,317.7378845214844,126.25559997558594,448,219,49.79,5.93,2.95,False,True,0,553,243,686,193,840,305,320,180
65,17.86,-62,8,317.84686279296875,126.72041320800781,447,219,49.07,6.02,2.95,False,True,0,546,243,686,193,840,305,320,180
66,17.46,-53,7,309.97271728515625,127.12495422363281,439,219,48.35,6.11,2.95,False,True,0,543,243,684,193,840,308,320,180
67,16.95,-38,8,294.4707946777344,126.73042297363281,423,219,47.65,6.2,2.95,False,True,0,539,243,662,193,840,331,320,180
68,18.17,-23,8,279.2369079589844,126.63088989257812,407,219,46.97,6.29,2.95,True,True,0,535,243,642,193,840,350,320,180
69,17.28,-7,8,263.7549743652344,126.71945190429688,391,219,46.3,6.38,2.95,True,True,0,535,243,623,193,840,371,320,180
70,18.15,11,8,246.20794677734375,126.71080017089844,373,219,45.68,6.46,2.95,True,True,0,535,243,605,193,840,389,320,180
71,18.81,29,8,228.7300262451172,126.44161987304688,355,219,45.09,6.55,2.95,True,True,0,535,243,587,193,840,409,320,180
72,18.12,30,5,228.35609436035156,130.98593139648438,352,222,44.5,6.64,2.95,True,True,0,535,243,570,193,840,426,320,180
73,17.29,31,2,228.48715209960938,134.331787109375,351,223,49.42,6.73,3.32,False,True,0,535,243,550,193,840,447,320,180
74,17.09,20,1,239.90597534179688,135.5734405517578,363,225,48.74,6.82,3.32,True,True,0,537,243,533,193,840,465,320,180
75,17.62,1,0,257.6958923339844,136.5480499267578,381,226,48.12,6.91,3.32,True,True,0,537,243,514,193,840,482,320,180
76,17.13,-9,-3,268.2996826171875,139.10687255859375,391,227,47.49,7.0,3.32,True,True,0,537,243,496,193,840,498,320,180
77,18.14,-24,-2,283.87750244140625,138.42889404296875,407,227,46.89,7.09,3.32,True,True,0,537,243,486,193,840,498,320,180
78,17.31,-41,-3,300.30767822265625,139.70782470703125,424,228,50.77,7.18,3.64,False,True,0,537,243,487,193,840,498,320,180
79,17.49,-69,-3,326.9580078125,139.78794860839844,453,229,50.13,7.27,3.64,False,True,0,533,243,487,193,840,498,320,180
80,17.13,-91,-4,348.2188720703125,140.1986846923828,474,229,49.48,7.37,3.64,False,True,0,527,243,487,193,840,498,320,180
81,17.58,-110,-4,367.15057373046875,140.18618774414062,493,228,48.87,7.46,3.64,False,True,0,521,243,487,193,840,498,320,180
82,18.03,-116,-4,375.1475524902344,141.23265075683594,498,227,48.3,7.55,3.64,False,True,0,513,243,487,193,840,498,320,180
83,17.31,-115,-2,374.545654296875,140.8580780029297,497,226,47.72,7.64,3.64,False,True,0,506,243,487,193,840,498,320,180
84,17.93,-99,-4,358.1271667480469,141.2972869873047,481,227,47.16,7.73,3.64,False,True,0,499,243,487,193,840,498,320,180
85,17.14,-77,-3,336.88604736328125,140.8861083984375,459,227,46.61,7.82,3.64,False,True,0,493,243,487,193,840,498,320,180
86,18.0,-55,-3,315.8894958496094,140.81500244140625,437,227,46.08,7.91,3.64,False,True,0,488,243,487,193,840,498,320,180
87,15.17,-23,-3,282.93548583984375,139.54925537109375,406,229,45.5,8.01,3.64,True,True,0,483,243,487,193,840,498,320,180
88,15.62,0,-4,259.31512451171875,139.98046875,382,230,44.93,8.11,3.64,True,True,0,483,243,487,193,840,498,320,180
89,15.82,33,-4,225.38316345214844,138.96385192871094,349,231,46.5,8.22,3.81,False,True,0,483,243,487,193,840,498,320,180
90,15.92,49,-5,211.370849609375,140.1497039794922,332,230,45.94,8.32,3.81,False,True,0,485,243,487,193,840,498,320,180
91,15.01,68,-5,194.51353454589844,141.24581909179688,312,229,45.36,8.43,3.81,False,True,0,487,243,487,193,840,498,320,180
92,14.87,87,-5,175.5836639404297,141.60293579101562,292,229,44.78,8.53,3.81,False,True,0,491,243,487,193,840,498,320,180
93,14.83,93,-4,171.28753662109375,142.88482666015625,285,228,44.23,8.64,3.81,False,True,0,494,243,487,193,840,498,320,180
94,15.68,94,-5,170.39923095703125,143.32122802734375,283,228,43.69,8.75,3.81,False,True,0,497,243,487,193,840,498,320,180
95,15.21,82,-6,181.63803100585938,144.12863159179688,297,229,43.17,8.85,3.81,False,True,0,500,243,487,193,840,498,320,180
96,15.79,73,-5,190.02952575683594,143.94773864746094,305,229,42.66,8.96,3.81,False,True,0,503,243,487,193,840,498,320,180
97,15.16,60,-7,202.31796264648438,144.11361694335938,319,230,42.16,9.06,3.81,False,True,0,506,243,487,193,840,498,320,180
98,15.67,53,-5,209.8936004638672,143.03372192382812,327,228,41.68,9.17,3.81,False,True,0,508,243,492,193,840,495,320,180
99,15.37,43,-5,219.29425048828125,143.19349670410156,337,228,41.2,9.27,3.81,False,True,0,510,243,516,193,840,470,320,180
100,15.38,32,-6,229.53585815429688,143.0220184326172,348,229,40.74,9.38,3.81,False,True,0,513,243,535,193,840,451,320,180
101,15.77,14,-6,246.94818115234375,143.01930236816406,367,229,40.29,9.48,3.81,True,True,0,515,243,555,193,840,430,320,180
102,16.58,3,-6,257.6888427734375,143.0812530517578,378,229,39.87,9.58,3.81,True,True,0,515,243,576,193,840,410,320,180
103,15.12,0,-5,261.1959533691406,143.20420837402344,380,228,39.43,9.69,3.81,True,True,0,515,243,597,193,840,388,320,180
104,15.49,10,-4,250.93617248535156,142.32870483398438,371,228,38.87,9.83,3.81,True,True,0,515,243,625,193,840,357,320,180
105,15.12,17,-4,244.80484008789062,142.86285400390625,363,227,38.45,9.94,3.81,True,True,0,515,243,647,193,840,334,320,180
106,17.56,22,-5,239.57061767578125,143.2640838623047,357,227,38.07,10.03,3.81,True,True,0,515,243,668,193,840,313,320,180
107,18.2,38,-3,223.48423767089844,141.9199676513672,342,227,42.98,10.11,4.34,False,True,0,515,243,686,193,840,305,320,180
108,17.85,59,-1,201.12429809570312,138.50347900390625,321,226,42.61,10.2,4.34,False,True,0,518,243,686,193,840,305,320,180
109,17.39,77,0,183.18943786621094,136.01051330566406,304,224,42.24,10.29,4.34,False,True,0,520,243,686,193,840,305,320,180
110,17.66,102,3,156.65773010253906,131.71939086914062,281,224,41.87,10.38,4.34,False,True,0,522,243,686,193,840,305,320,180
111,18.17,113,3,145.3600616455078,131.67401123046875,269,224,41.52,10.47,4.34,False,True,0,526,243,686,193,840,305,320,180
112,17.34,130,7,128.45542907714844,126.56649780273438,254,221,41.17,10.56,4.34,False,True,0,531,243,686,193,840,305,320,180
113,17.23,128,6,130.37716674804688,127.02937316894531,255,221,40.82,10.65,4.34,False,True,0,537,243,686,193,840,305,320,180
114,17.77,118,7,139.45648193359375,126.00053405761719,266,220,40.49,10.74,4.34,False,True,0,543,243,686,193,840,305,320,180
115,18.23,107,8,150.0504913330078,125.68731689453125,277,220,40.17,10.82,4.34,False,True,0,546,243,686,193,840,305,320,180
116,16.98,98,7,158.05723571777344,126.14521789550781,286,220,39.83,10.91,4.34,False,True,0,551,243,686,193,840,305,320,180
117,17.48,83,8,172.9110107421875,125.52627563476562,303,221,39.5,11.0,4.34,False,True,0,554,243,686,193,840,305,320,180
118,18.01,61,8,194.55282592773438,125.61647033691406,325,221,39.2,11.09,4.34,False,True,0,558,243,686,193,840,305,320,180
119,18.14,36,8,218.58660888671875,125.46780395507812,350,220,38.89,11.17,4.34,False,True,0,562,243,686,193,840,305,320,180
120,17.24,19,8,235.34930419921875,125.4884033203125,367,220,38.59,11.26,4.34,True,True,0,564,243,686,193,840,305,320,180
121,16.83,1,8,253.26492309570312,125.24374389648438,385,220,38.28,11.36,4.34,True,True,0,564,243,686,193,840,305,320,180
122,17.34,-9,8,264.9545593261719,126.57637023925781,396,220,37.97,11.45,4.34,True,True,0,564,243,686,193,840,305,320,180
123,18.55,-22,8,276.2926025390625,126.12049865722656,408,220,37.69,11.53,4.34,True,True,0,564,243,686,193,840,305,320,180
124,17.94,-36,8,290.121826171875,125.2244873046875,423,219,40.07,11.62,4.65,False,True,0,564,243,686,193,840,305,320,180
125,17.39,-45,7,299.8407897949219,127.08694458007812,432,220,39.77,11.71,4.65,False,True,0,560,243,686,192,840,305,320,180
126,17.48,-48,7,302.2789611816406,127.10946655273438,434,219,39.47,11.8,4.65,False,True,0,556,243,686,193,840,305,320,180
127,17.57,-47,7,302.3939514160156,127.17547607421875,434,219,39.17,11.89,4.65,False,True,0,552,243,686,193,840,305,320,180
128,16.64,-47,8,302.7022705078125,127.96040344238281,434,219,38.87,11.98,4.65,False,True,0,548,243,686,193,840,305,320,180
129,16.95,-47,7,302.314453125,128.05999755859375,433,219,38.57,12.07,4.65,False,True,0,545,243,684,193,840,308,320,180
130,17.31,-33,8,288.09423828125,127.71578979492188,419,219,38.28,12.16,4.65,False,True,0,541,243,662,193,840,332,320,180
131,18.16,-18,7,273.2563781738281,127.63345336914062,404,220,38.0,12.25,4.65,True,True,0,537,243,641,193,840,350,320,180
132,18.75,-4,7,259.7020568847656,127.58601379394531,390,220,37.74,12.34,4.65,True,True,0,536,243,623,193,840,371,320,180
133,17.67,11,7,244.22039794921875,127.18019104003906,374,220,37.47,12.42,4.65,True,True,0,536,243,604,193,840,391,320,180
134,17.82,25,7,231.352294921875,127.84445190429688,361,220,37.2,12.51,4.65,True,True,0,536,243,584,193,840,411,320,180
135,18.14,21,4,235.67398071289062,131.82188415527344,364,223,36.94,12.6,4.65,True,True,0,536,243,568,193,840,428,320,180
136,17.69,22,2,235.2752685546875,134.98995971679688,361,224,36.68,12.69,4.65,True,True,0,536,243,548,193,840,449,320,180
137,18.01,9,0,248.25421142578125,135.76853942871094,375,225,36.41,12.79,4.65,True,True,0,536,243,530,193,840,466,320,180
138,16.82,-1,-1,258.89697265625,137.73870849609375,385,226,36.15,12.88,4.65,True,True,0,536,243,511,193,840,485,320,180
139,18.15,-16,-1,273.9156188964844,137.4356231689453,400,226,35.9,12.97,4.65,True,True,0,536,243,493,193,840,498,320,180
140,18.54,-33,-1,290.2799072265625,137.89669799804688,416,226,40.97,13.06,5.34,False,True,0,536,243,486,193,840,498,320,180
141,17.76,-49,-3,307.62554931640625,139.62155151367188,433,227,40.68,13.15,5.34,False,True,0,530,243,487,193,840,498,320,180
142,18.57,-67,-3,324.4158935546875,140.02919006347656,450,228,40.42,13.24,5.34,False,True,0,527,243,487,193,840,498,320,180
143,17.07,-84,-3,341.67852783203125,140.00161743164062,468,227,40.13,13.33,5.34,False,True,0,521,243,487,193,840,498,320,180
144,17.4,-102,-4,359.68463134765625,140.04354858398438,486,228,39.85,13.42,5.34,False,True,0,514,243,487,193,840,498,320,180
145,17.41,-108,-3,366.75634765625,141.1038360595703,491,226,39.58,13.52,5.34,False,True,0,507,243,487,193,840,498,320,180
146,16.44,-90,-3,348.9876403808594,140.8229217529297,473,227,39.29,13.62,5.34,False,True,0,500,243,487,193,840,498,320,180
147,17.01,-76,-3,334.4643859863281,140.8350830078125,458,227,39.02,13.71,5.34,False,True,0,494,243,487,193,840,498,320,180
148,15.93,-55,-4,314.2305908203125,141.49215698242188,436,227,38.73,13.82,5.34,False,True,0,488,243,487,193,840,498,320,180
149,15.12,-29,-4,288.52667236328125,140.91041564941406,411,229,38.42,13.93,5.34,True,True,0,484,243,487,193,840,498,320,180
150,16.22,-3,-4,262.49737548828125,140.5746612548828,385,229,38.14,14.03,5.34,True,True,0,484,243,487,193,840,498,320,180
151,14.86,27,-4,232.98965454101562,139.45718383789062,355,229,37.85,14.14,5.34,True,True,0,484,243,487,193,840,498,320,180
152,15.19,47,-4,214.6728973388672,140.62319946289062,334,228,39.4,14.24,5.6,False,True,0,484,243,487,193,840,498,320,180
153,16.07,70,-3,192.1939239501953,140.8596954345703,310,228,39.11,14.34,5.6,False,True,0,487,243,487,193,840,498,320,180
154,15.22,88,-4,175.54849243164062,141.20509338378906,291,227,38.83,14.45,5.6,False,True,0,489,243,487,193,840,498,320,180
155,15.36,91,-5,172.2822265625,143.043212890625,286,227,38.54,14.56,5.6,False,True,0,493,243,487,193,840,498,320,180
156,15.24,92,-5,171.88287353515625,143.21453857421875,286,227,38.27,14.66,5.6,False,True,0,496,243,487,193,840,498,320,180
157,15.48,90,-6,173.9700927734375,144.23663330078125,288,228,37.99,14.77,5.6,False,True,0,499,243,487,193,840,498,320,180
158,15.1,76,-5,186.3457489013672,143.52926635742188,303,229,37.72,14.87,5.6,False,True,0,502,243,487,193,840,498,320,180
159,16.4,66,-6,196.88291931152344,143.1373291015625,314,229,37.47,14.97,5.6,False,True,0,505,243,487,193,840,498,320,180
160,15.0,54,-6,207.01034545898438,143.76637268066406,325,230,37.2,15.08,5.6,False,True,0,509,243,487,193,840,498,320,180
161,16.12,46,-6,216.35653686523438,144.17413330078125,334,229,36.95,15.18,5.6,False,True,0,512,243,487,194,837,495,320,180
162,15.77,35,-5,226.2576446533203,143.4429931640625,345,228,36.7,15.29,5.6,False,True,0,513,243,487,219,811,471,320,180
163,15.66,18,-5,243.71141052246094,143.2081298828125,363,228,36.44,15.39,5.6,True,True,0,515,243,487,243,789,450,320,180
164,16.18,5,-6,255.60653686523438,143.9122772216797,376,230,36.19,15.5,5.6,True,True,0,515,243,487,265,767,430,320,180
165,17.28,-5,-6,265.2521057128906,144.2073211669922,385,229,35.98,15.59,5.6,True,True,0,515,243,487,285,748,420,320,180
166,17.49,-15,-4,275.05181884765625,142.7241973876953,396,228,35.77,15.68,5.6,True,True,0,515,243,487,305,728,420,320,180
167,17.79,-22,-1,282.8703308105469,138.24432373046875,404,225,35.57,15.76,5.6,True,True,0,515,243,487,325,709,420,320,180
168,17.34,-28,-11,292.928955078125,150.8489532470703,406,234,35.37,15.85,5.6,True,True,0,515,243,487,345,688,420,320,180
169,17.8,-33,-24,301.0518798828125,165.9503631591797,406,243,38.11,15.94,6.07,False,True,0,515,243,487,365,667,420,320,180
170,17.82,-32,-19,303.02197265625,162.62551879882812,402,237,37.9,16.03,6.07,False,True,0,510,243,487,385,648,420,320,180
171,17.3,-27,-12,303.17376708984375,159.20481872558594,391,226,37.68,16.12,6.07,True,True,0,507,243,487,405,626,420,320,180
172,17.92,-23,-9,304.93731689453125,159.8824462890625,384,220,37.48,16.21,6.07,True,True,0,507,243,487,425,607,420,320,180
173,18.14,-24,-14,305.9720764160156,165.10598754882812,384,224,37.28,16.3,6.07,True,True,0,507,243,487,442,592,420,320,180
174,17.35,-23,-11,305.71759033203125,163.62806701660156,382,221,37.07,16.39,6.07,True,True,0,507,243,487,456,593,420,320,180
175,16.84,-6,-4,286.2779846191406,155.52761840820312,366,213,36.87,16.48,6.07,True,True,0,507,243,487,458,594,420,320,180
176,17.55,9,10,271.56854248046875,142.97479248046875,353,200,36.67,16.57,6.07,True,True,0,507,243,487,457,594,420,320,180
177,17.74,15,19,266.604736328125,134.44180297851562,346,189,36.47,16.66,6.07,True,True,0,507,243,487,457,594,420,320,180
178,16.8,14,25,266.0831298828125,128.0247344970703,346,182,36.28,16.75,6.07,True,True,0,507,243,487,457,594,420,320,180
179,17.13,14,34,265.3263854980469,119.73863220214844,348,174,39.77,16.84,6.69,False,True,0,507,243,487,457,594,420,320,180
180,17.3,13,37,265.0823974609375,116.31855010986328,350,170,39.56,16.93,6.69,False,True,0,507,243,487,457,594,420,320,180
181,17.0,15,41,263.7066650390625,113.06421661376953,349,166,39.35,17.02,6.69,False,True,0,507,245,487,457,594,420,320,180
182,17.55,13,43,264.5098571777344,111.514404296875,351,165,39.13,17.11,6.69,False,True,0,507,246,487,457,594,420,320,180
183,18.01,13,45,263.74212646484375,109.9249038696289,351,163,38.94,17.2,6.69,False,True,0,507,247,487,457,594,420,320,180
184,18.13,14,44,263.7625427246094,110.28215789794922,351,162,38.74,17.29,6.69,False,True,0,507,247,487,457,594,420,320,180
185,17.72,14,46,264.6243591308594,109.77571105957031,350,160,38.53,17.38,6.69,False,True,0,507,247,487,457,594,420,320,180
186,16.7,15,45,264.96160888671875,111.72987365722656,348,160,38.33,17.47,6.69,False,True,0,507,247,487,457,594,420,320,180
187,18.77,13,44,267.08978271484375,113.43251037597656,347,160,38.15,17.56,6.69,False,True,0,507,249,487,457,594,420,320,180
188,17.16,14,44,268.69964599609375,114.72947692871094,346,160,37.94,17.65,6.69,False,True,0,507,251,487,457,594,420,320,180
189,18.88,16,41,266.651123046875,117.1848373413086,344,161,37.76,17.74,6.69,False,True,0,507,253,487,457,594,420,320,180
190,18.09,15,39,267.3182678222656,119.1256332397461,344,163,37.57,17.82,6.69,False,True,0,507,255,487,457,594,420,320,180
191,16.78,14,38,268.28082275390625,121.42848205566406,344,164,37.38,17.92,6.69,False,True,0,507,256,487,457,594,421,320,180
192,17.04,15,36,267.99896240234375,123.3361587524414,344,165,37.19,18.01,6.69,False,True,0,507,257,487,457,594,420,320,180
193,17.54,13,31,270.1473388671875,129.03492736816406,344,170,36.99,18.1,6.69,False,True,0,507,259,487,456,596,420,320,180
194,18.22,14,25,271.0728454589844,136.5700225830078,342,176,36.81,18.19,6.69,True,True,0,507,259,487,435,619,420,320,180
195,16.74,16,17,270.57366943359375,144.11668395996094,340,182,36.62,18.29,6.69,True,True,0,507,259,487,414,639,420,320,180
196,17.19,14,11,271.2470703125,150.89547729492188,341,189,36.43,18.38,6.69,True,True,0,507,259,487,396,662,420,320,180
197,17.99,15,4,270.33154296875,157.04531860351562,340,195,36.26,18.47,6.69,True,True,0,507,259,487,376,681,420,320,180
198,17.88,15,-1,270.93218994140625,162.70559692382812,341,200,36.08,18.56,6.69,True,True,0,507,259,487,355,701,420,320,180
199,17.54,13,-6,273.9689636230469,168.427001953125,342,205,35.9,18.65,6.69,True,True,0,507,257,487,335,723,420,320,180
200,16.94,13,-15,274.546630859375,177.26828002929688,341,213,35.72,18.75,6.69,True,True,0,507,257,487,315,743,420,320,180
201,16.75,13,-23,275.172119140625,186.1310577392578,339,221,35.54,18.84,6.69,True,True,0,507,257,487,294,765,420,320,180
202,17.32,13,-29,277.2392578125,193.45654296875,338,227,35.37,18.93,6.69,True,True,0,507,257,487,275,783,420,320,180
203,16.77,11,-27,279.1724853515625,191.00250244140625,339,224,35.19,19.03,6.69,True,True,0,507,257,487,252,806,420,320,180
204,15.96,9,-27,282.2100830078125,191.23989868164062,341,224,35.01,19.13,6.69,True,True,0,507,257,487,230,827,420,320,180
205,14.79,7,-29,284.1882629394531,193.0244140625,343,225,34.81,19.24,6.69,True,True,0,507,257,487,207,843,420,320,180
206,15.81,6,-43,285.2558898925781,207.08102416992188,343,239,39.66,19.34,7.66,False,True,0,507,257,487,192,841,420,320,180
207,15.47,5,-62,286.2835693359375,226.8197021484375,345,259,39.44,19.45,7.66,False,True,0,507,254,487,193,841,420,320,180
208,15.65,6,-79,285.7371826171875,243.35311889648438,344,276,39.23,19.55,7.66,False,True,0,507,250,487,193,841,420,320,180
209,16.5,7,-95,284.2010498046875,259.96343994140625,343,293,39.03,19.65,7.66,False,True,0,507,246,487,193,841,420,320,180
210,15.43,5,-113,286.13043212890625,277.6246032714844,345,310,38.82,19.76,7.66,False,True,0,507,242,487,193,841,420,320,180
211,16.14,6,-123,286.13714599609375,287.7265625,343,320,38.62,19.86,7.66,False,True,0,507,237,487,193,841,420,320,180
212,15.51,8,-120,284.5774841308594,284.8934020996094,341,317,38.42,19.96,7.66,False,True,0,507,230,487,193,841,420,320,180
213,15.0,8,-114,283.927734375,278.598388671875,341,311,38.21,20.07,7.66,False,True,0,507,224,487,193,841,420,320,180
214,15.12,9,-117,284.3609619140625,282.818115234375,339,314,38.01,20.18,7.66,False,True,0,507,219,487,193,841,420,320,180
215,15.79,11,-122,281.9681701660156,287.69354248046875,339,319,37.82,20.28,7.66,False,True,0,507,214,487,193,841,420,320,180
216,16.31,11,-116,277.2938232421875,278.77203369140625,341,314,37.63,20.38,7.66,False,True,0,507,209,487,193,841,420,320,180
217,16.08,10,-104,276.98626708984375,265.9613037109375,345,304,37.44,20.49,7.66,False,True,0,507,204,487,193,841,420,320,180
218,15.07,6,-97,275.433837890625,255.15109252929688,353,299,37.24,20.59,7.66,False,True,0,507,199,487,193,841,420,320,180
219,15.79,10,-105,269.537841796875,263.08807373046875,353,308,37.06,20.69,7.66,False,True,0,507,195,487,193,841,420,320,180
220,17.38,16,-95,258.90911865234375,250.35023498535156,351,301,36.89,20.78,7.66,False,True,0,507,190,487,193,841,420,320,180
221,17.71,15,-84,254.9379425048828,236.3494873046875,357,292,36.74,20.87,7.66,False,True,0,507,186,487,193,841,420,320,180
222,17.59,10,-74,254.82301330566406,223.71409606933594,368,286,36.58,20.96,7.66,False,True,0,507,182,487,193,841,420,320,180
223,18.06,3,-73,256.4571533203125,219.40914916992188,379,287,36.42,21.05,7.66,False,True,0,507,178,487,193,841,420,320,180
224,17.7,-1,-71,255.538330078125,214.068603515625,389,288,36.27,21.14,7.66,False,True,0,507,174,486,193,842,421,320,180
225,16.02,-4,-64,252.61953735351562,204.75962829589844,397,285,36.1,21.24,7.66,False,True,0,507,170,464,193,842,445,320,180
226,17.54,-7,-49,255.22796630859375,190.72360229492188,401,270,35.95,21.33,7.66,False,True,0,507,166,447,193,842,462,320,180
227,17.18,-9,-32,257.61859130859375,174.37960815429688,401,251,35.8,21.42,7.66,False,True,0,507,163,428,193,842,481,320,180
228,18.0,-9,-16,256.322021484375,158.26373291015625,403,235,35.65,21.51,7.66,True,True,0,507,162,410,193,842,500,320,180
229,17.51,-10,3,258.3652038574219,140.10739135742188,403,215,35.51,21.6,7.66,True,True,0,507,161,390,193,842,516,320,180
230,18.07,-14,15,261.8212585449219,128.7242431640625,409,204,35.36,21.68,7.66,True,True,0,507,161,370,193,842,535,320,180
231,17.81,-19,25,262.89605712890625,116.0792236328125,417,194,35.22,21.77,7.66,True,True,0,507,161,351,193,842,553,320,180
232,18.03,-19,40,258.7547302246094,100.80657958984375,420,182,36.51,21.86,7.98,False,True,0,507,161,332,193,842,570,320,180
233,18.28,-23,46,260.47021484375,94.49998474121094,427,176,36.37,21.94,7.98,False,True,0,507,163,313,193,842,587,320,180
234,17.08,-24,55,258.3973693847656,84.72142028808594,431,168,36.21,22.04,7.98,False,True,0,507,163,292,193,842,605,320,180
235,17.96,-26,61,256.7487487792969,76.50982666015625,438,162,36.07,22.13,7.98,False,True,0,507,165,272,193,842,623,320,180
236,17.5,-26,70,255.96951293945312,67.8231201171875,438,154,35.92,22.21,7.98,False,True,0,507,169,253,193,842,644,320,180
237,16.56,-25,81,256.5835876464844,57.99664306640625,436,142,35.78,22.3,7.98,False,True,0,507,172,232,193,842,656,320,180
238,17.13,-24,86,256.25177001953125,52.70893859863281,432,136,35.63,22.4,7.98,False,True,0,507,176,213,193,842,656,320,180
239,17.88,-30,89,260.79071044921875,48.713104248046875,442,136,35.49,22.48,7.98,False,True,0,507,181,194,193,842,656,320,180
240,18.54,-35,88,264.0113220214844,47.41615295410156,446,138,35.36,22.57,7.98,False,True,0,507,183,175,193,842,656,320,180
241,17.05,-35,74,263.8709411621094,59.186431884765625,448,153,35.21,22.66,7.98,False,True,0,503,186,162,193,842,656,320,180
242,17.25,-40,65,269.0846862792969,67.86430358886719,452,164,35.07,22.75,7.98,False,True,0,500,190,162,193,842,656,320,180
243,16.81,-41,50,269.52593994140625,80.21414184570312,455,181,34.93,22.85,7.98,False,True,0,494,194,162,193,842,656,320,180
244,17.17,-55,45,279.32415771484375,81.24331665039062,471,190,34.79,22.94,7.98,False,True,0,489,196,162,193,842,656,320,180
245,17.86,-50,38,271.8277587890625,84.18255615234375,470,200,34.65,23.03,7.98,False,True,0,484,198,162,193,842,656,320,180
246,17.83,-33,27,252.31820678710938,94.74623107910156,455,214,34.52,23.12,7.98,False,True,0,480,198,162,193,842,656,320,180
247,16.88,-24,13,240.236083984375,105.35798645019531,449,229,34.38,23.21,7.98,True,True,0,475,198,162,193,842,656,320,180
248,17.97,-16,-7,224.76824951171875,121.50054931640625,450,254,34.25,23.3,7.98,True,True,0,475,198,162,193,842,656,320,180
249,17.03,-6,-22,203.80050659179688,131.79473876953125,450,275,34.11,23.4,7.98,True,True,0,475,198,162,193,842,657,320,180
250,18.27,0,-36,189.1611328125,141.18295288085938,451,291,34.97,23.48,8.21,False,True,0,475,198,162,193,842,656,320,180
251,16.54,21,-40,164.91693115234375,144.51708984375,435,298,34.83,23.58,8.21,False,True,0,475,194,162,193,842,656,320,180
252,16.41,42,-46,142.79302978515625,149.33721923828125,416,303,34.69,23.67,8.21,False,True,0,475,192,162,193,842,656,320,180
253,16.38,40,-46,139.490966796875,147.81771850585938,422,306,34.55,23.77,8.21,False,True,0,478,189,162,193,842,656,320,180
254,16.11,41,-48,135.49835205078125,148.84457397460938,424,309,34.41,23.86,8.21,False,True,0,481,186,162,193,842,656,320,180
255,16.03,41,-48,133.52099609375,148.2445068359375,426,310,34.27,23.96,8.21,False,True,0,484,183,162,193,842,656,320,180
256,16.5,37,-42,131.25860595703125,138.459716796875,436,308,34.14,24.05,8.21,False,True,0,487,181,162,193,842,656,320,180
257,15.67,36,-41,129.960693359375,134.81298828125,440,309,34.0,24.15,8.21,False,True,0,489,178,165,193,842,653,320,180
258,14.72,19,-34,146.5421142578125,124.25289916992188,456,305,33.85,24.26,8.21,False,True,0,492,175,193,193,842,627,320,180
259,15.24,9,-23,154.20819091796875,108.24346923828125,468,298,33.71,24.36,8.21,True,True,0,491,172,213,193,842,606,320,180
260,14.7,4,-3,159.71148681640625,86.22634887695312,474,280,33.56,24.47,8.21,True,True,0,491,172,235,193,842,584,320,180
261,14.91,-14,7,178.480712890625,75.44613647460938,490,271,33.41,24.58,8.21,True,True,0,493,172,257,193,842,563,320,180
262,14.89,-26,17,191.89990234375,64.84783935546875,502,262,33.27,24.69,8.21,True,True,0,491,172,283,193,842,541,320,180
263,14.55,-42,29,205.9697265625,50.67132568359375,521,254,34.59,24.79,8.57,False,True,0,491,172,305,193,842,520,320,180
264,15.08,-40,37,203.73779296875,40.489654541015625,518,247,34.45,24.9,8.57,False,True,0,487,172,330,193,842,498,320,180
265,15.17,-32,39,194.3070068359375,36.739471435546875,510,248,34.3,25.01,8.57,False,True,0,482,174,354,193,842,477,320,180
266,14.16,-30,38,189.36505126953125,33.686279296875,512,252,34.15,25.12,8.57,False,True,0,477,176,377,193,842,455,320,180
267,15.1,-31,35,191.1678466796875,34.149444580078125,512,256,34.0,25.23,8.57,False,True,0,477,177,401,193,842,435,320,180
268,14.36,-27,29,188.237060546875,38.953369140625,507,265,33.85,25.34,8.57,True,True,0,472,178,424,193,842,420,320,180
269,14.59,2,20,161.29205322265625,46.55230712890625,476,276,33.71,25.45,8.57,True,True,0,472,178,447,193,842,420,320,180
270,13.95,29,20,135.79302978515625,45.801025390625,448,277,33.56,25.56,8.57,True,True,0,472,178,467,193,842,420,320,180
271,14.71,57,17,110.06182861328125,49.33599853515625,416,277,34.41,25.67,8.83,False,True,0,472,178,488,193,842,420,320,180
272,14.02,65,8,110.451904296875,62.50653076171875,401,283,34.26,25.78,8.83,False,True,0,475,178,490,193,842,420,320,180
273,14.37,89,7,84.16845703125,61.9971923828125,379,286,34.11,25.89,8.83,False,True,0,479,178,490,193,841,420,320,180
274,14.48,100,26,80.4798583984375,46.93768310546875,361,263,33.97,26.0,8.83,False,True,0,483,178,490,193,842,420,320,180
275,14.84,109,32,79.725830078125,46.773651123046875,343,252,33.83,26.11,8.83,False,True,0,488,178,490,193,842,420,320,180
276,16.19,116,38,81.60772705078125,46.326385498046875,328,240,33.7,26.2,8.83,False,True,0,494,179,490,193,842,420,320,180
277,16.92,111,51,97.2542724609375,39.392120361328125,321,219,33.59,26.29,8.83,False,True,0,499,181,490,193,842,420,320,180
278,16.34,93,51,123.7994384765625,45.477325439453125,332,214,33.47,26.39,8.83,False,True,0,504,181,490,193,842,420,320,180
279,16.84,80,52,142.70556640625,49.380828857421875,339,209,33.35,26.48,8.83,False,True,0,508,183,490,193,842,420,320,180
280,17.14,59,50,167.43069458007812,53.60943603515625,356,207,33.24,26.57,8.83,False,True,0,512,185,490,193,842,420,320,180
281,17.33,38,52,190.84323120117188,53.578125,375,204,33.12,26.66,8.83,False,True,0,513,185,490,193,842,420,320,180
282,18.14,21,51,210.94390869140625,57.0860595703125,389,202,33.01,26.75,8.83,False,True,0,515,186,490,193,842,420,320,180
283,17.39,-3,54,235.2611083984375,55.889068603515625,412,198,32.9,26.84,8.83,False,True,0,515,188,490,193,842,420,320,180
284,17.28,-20,46,255.20291137695312,66.03656005859375,426,203,32.79,26.93,8.83,False,True,0,515,190,490,193,842,420,320,180
285,17.14,-37,39,274.5733642578125,75.06524658203125,441,209,32.68,27.02,8.83,False,True,0,515,191,490,193,842,420,320,180
286,17.04,-43,34,280.27490234375,80.27581787109375,446,212,32.58,27.11,8.83,False,True,0,510,191,490,193,842,418,320,180
287,17.73,-49,27,287.62408447265625,88.67147827148438,452,220,32.47,27.19,8.83,False,True,0,507,192,490,193,842,397,320,180
288,16.52,-52,29,289.88031005859375,86.2110595703125,456,217,32.36,27.28,8.83,False,True,0,503,192,490,193,842,375,320,180
289,17.05,-53,19,291.2710876464844,97.79937744140625,455,226,32.25,27.37,8.83,False,True,0,500,192,490,193,842,356,320,180
290,17.21,-51,15,288.61529541015625,101.21798706054688,456,231,32.15,27.46,8.83,False,True,0,496,192,490,193,842,335,320,180
291,17.53,-30,14,266.3494873046875,101.765625,436,232,32.05,27.55,8.83,True,True,0,491,192,490,193,842,314,320,180
292,17.36,-18,8,253.64846801757812,107.00045776367188,424,237,31.94,27.64,8.83,True,True,0,491,192,490,193,842,296,320,180
293,16.95,0,7,235.08233642578125,109.46780395507812,406,239,31.84,27.73,8.83,True,True,0,491,192,490,193,842,273,320,180
294,16.68,15,6,219.5526123046875,109.51278686523438,391,239,31.74,27.82,8.83,True,True,0,491,192,490,193,842,253,320,180
295,17.3,32,6,202.57421875,109.77719116210938,375,239,32.79,27.91,9.15,False,True,0,491,192,490,193,842,231,320,180
296,17.19,44,2,189.480712890625,113.24533081054688,364,243,32.68,28.0,9.15,False,True,0,494,192,490,193,842,210,320,180
297,17.72,43,5,189.34674072265625,110.75579833984375,365,241,32.57,28.1,9.15,False,True,0,496,192,490,193,842,190,320,180
298,17.39,45,6,188.84918212890625,110.14227294921875,364,239,32.47,28.18,9.15,False,True,0,498,192,490,193,842,188,320,180
299,16.83,43,6,189.35952758789062,110.58200073242188,366,240,32.37,28.28,9.15,False,True,0,500,192,490,193,842,188,320,180
300,17.23,44,6,189.51116943359375,111.4013671875,364,239,32.26,28.37,9.15,False,True,0,502,192,490,193,842,188,320,180
301,17.11,38,5,196.66806030273438,113.35263061523438,369,238,32.16,28.46,9.15,False,True,0,504,192,490,193,842,188,320,180
302,18.04,29,6,206.97775268554688,113.82890319824219,378,237,32.06,28.55,9.15,True,True,0,506,192,490,193,842,188,320,180
303,17.21,20,7,215.63882446289062,112.79866027832031,386,235,31.95,28.64,9.15,True,True,0,506,192,490,193,842,188,320,180
304,18.05,12,8,223.46942138671875,111.8590087890625,394,234,31.85,28.73,9.15,True,True,0,506,192,490,193,842,188,320,180
305,17.67,0,9,236.91476440429688,111.52830505371094,406,232,31.75,28.82,9.15,True,True,0,506,192,490,193,842,188,320,180
306,16.71,-6,10,242.33599853515625,111.0975341796875,411,230,31.65,28.92,9.15,True,True,0,506,192,490,193,842,188,320,180
307,18.01,-14,8,250.53347778320312,113.36416625976562,419,232,31.55,29.0,9.15,True,True,0,506,192,490,193,842,188,320,180
308,18.38,-16,9,250.25396728515625,111.64381408691406,423,232,31.46,29.09,9.15,True,True,0,506,192,490,193,842,188,320,180
309,18.35,-14,9,248.64505004882812,111.31999206542969,422,231,31.36,29.18,9.15,True,True,0,506,192,490,193,842,188,320,180
310,17.4,-16,11,250.83670043945312,109.37472534179688,424,229,31.27,29.27,9.15,True,True,0,506,192,490,193,842,188,320,180
311,16.91,-16,9,250.04132080078125,112.14585876464844,422,230,31.16,29.37,9.15,True,True,0,506,192,490,194,842,188,320,180
312,16.21,-15,10,249.99298095703125,111.24967956542969,423,230,31.06,29.46,9.15,True,True,0,506,190,490,193,842,188,320,180
313,18.09,-16,12,249.82846069335938,109.52406311035156,424,228,30.97,29.55,9.15,True,True,0,506,190,490,193,842,188,320,180
314,16.99,-15,10,249.57608032226562,112.0677490234375,422,229,30.87,29.65,9.15,True,True,0,506,190,490,193,842,188,320,180
315,16.02,-14,10,248.7205810546875,112.01136779785156,422,229,30.77,29.74,9.15,True,True,0,506,190,490,193,842,188,320,180
316,17.09,-15,11,248.40924072265625,111.19453430175781,423,228,30.68,29.84,9.15,True,True,0,506,190,490,193,842,188,320,180
317,16.32,-17,19,250.69973754882812,103.76693725585938,426,221,30.58,29.93,9.15,True,True,0,506,190,490,193,842,188,320,180
318,17.19,-16,17,249.09567260742188,105.09074401855469,423,221,30.48,30.03,9.15,True,True,0,506,190,490,193,842,188,320,180
319,15.82,-17,20,251.92910766601562,103.46409606933594,425,219,30.38,30.13,9.15,True,True,0,506,190,490,193,842,191,320,180
320,15.28,-16,18,250.3765869140625,105.32894897460938,423,220,30.27,30.24,9.15,True,True,0,506,190,490,193,842,219,320,180
321,15.36,-15,19,249.66015625,104.87141418457031,423,219,30.17,30.34,9.15,True,True,0,506,190,490,193,842,240,320,180
322,14.95,-17,19,251.77667236328125,104.06655883789062,425,218,30.06,30.45,9.15,True,True,0,506,190,490,193,842,265,320,180
323,15.12,-16,19,251.31967163085938,105.41145324707031,423,218,29.96,30.55,9.15,True,True,0,506,190,490,193,842,289,320,180
324,14.52,-15,19,250.61407470703125,105.77897644042969,422,218,29.85,30.66,9.15,True,True,0,506,190,490,193,842,313,320,180
325,15.31,-15,19,250.34628295898438,105.93978881835938,422,218,29.75,30.77,9.15,True,True,0,506,190,490,193,842,337,320,180
326,15.64,-17,19,251.05624389648438,105.25021362304688,423,218,29.65,30.87,9.15,True,True,0,506,190,490,193,842,360,320,180
327,15.51,-16,20,250.22793579101562,104.70195007324219,422,217,29.54,30.98,9.15,True,True,0,506,190,490,193,842,383,320,180
328,14.71,-15,20,250.37042236328125,104.90168762207031,422,216,29.44,31.09,9.15,True,True,0,506,190,490,193,842,409,320,180
329,15.04,-17,19,251.14785766601562,105.60069274902344,423,217,29.34,31.19,9.15,True,True,0,506,190,490,193,842,429,320,180
330,15.45,-16,20,251.4892578125,105.466796875,423,217,29.24,31.3,9.15,True,True,0,506,190,490,193,842,451,320,180
331,15.92,-15,19,250.58660888671875,106.9989013671875,422,218,29.15,31.4,9.15,True,True,0,506,190,490,193,842,471,320,180
332,15.09,-17,19,251.06082153320312,105.14633178710938,424,217,29.05,31.51,9.15,True,True,0,506,190,490,193,842,492,320,180
333,15.15,-15,18,249.36862182617188,107.68074035644531,421,219,28.95,31.62,9.15,True,True,0,506,190,490,193,842,498,320,180
334,15.12,-16,19,250.65106201171875,105.15481567382812,424,217,28.85,31.72,9.15,True,True,0,506,190,490,193,842,498,320,180
335,15.32,-17,22,251.2933349609375,103.69808959960938,424,215,28.76,31.83,9.15,True,True,0,506,190,490,193,842,498,320,180
336,15.47,-17,19,251.71420288085938,106.23577880859375,424,217,28.67,31.92,9.15,True,True,0,506,190,490,193,842,498,320,180
337,17.87,-16,20,250.93209838867188,105.69866943359375,423,216,28.59,32.01,9.15,True,True,0,506,190,490,193,842,498,320,180
338,17.64,-17,19,251.08090209960938,106.00611877441406,423,216,28.51,32.1,9.15,True,True,0,506,190,490,193,842,498,320,180
339,18.34,-17,19,251.7789306640625,106.12437438964844,424,217,28.43,32.19,9.15,True,True,0,506,190,490,193,842,498,320,180
340,16.9,-16,20,250.64852905273438,105.75602722167969,423,216,28.35,32.28,9.15,True,True,0,506,190,490,193,842,498,320,180
341,16.85,-16,20,250.8509521484375,105.98765563964844,423,216,28.27,32.37,9.15,True,True,0,506,190,490,193,842,498,320,180
342,17.57,-16,19,250.01580810546875,106.30999755859375,422,216,28.19,32.46,9.15,True,True,0,506,190,490,193,842,498,320,180
343,17.37,-16,20,250.39157104492188,105.12457275390625,422,215,28.12,32.55,9.15,True,True,0,506,190,490,193,842,498,320,180
344,18.46,-16,20,250.96929931640625,106.04214477539062,423,215,28.04,32.63,9.15,True,True,0,506,190,490,193,842,498,320,180
345,17.03,-17,20,251.75045776367188,105.18226623535156,424,215,27.97,32.72,9.15,True,True,0,506,190,490,193,842,498,320,180
346,17.92,-16,18,250.745849609375,107.145751953125,422,217,27.89,32.81,9.15,True,True,0,506,190,490,193,842,498,320,180
347,18.25,-17,19,251.50289916992188,106.58001708984375,424,217,27.82,32.9,9.15,True,True,0,506,190,490,193,842,498,320,180
348,17.47,-17,19,251.34759521484375,106.26959228515625,424,216,27.74,32.98,9.15,True,True,0,506,190,490,193,842,498,320,180
349,16.85,-17,19,251.05545043945312,106.09767150878906,424,216,27.67,33.07,9.15,True,True,0,506,190,490,194,843,496,320,180
350,16.59,-16,20,250.80108642578125,105.59182739257812,423,215,27.59,33.17,9.15,True,True,0,506,190,490,216,865,475,320,180
351,17.71,-16,20,250.86642456054688,106.46513366699219,423,216,27.52,33.25,9.15,True,True,0,506,190,490,240,879,457,320,180
352,16.94,-17,21,251.38046264648438,105.91671752929688,423,215,27.45,33.34,9.15,True,True,0,506,190,490,257,877,438,320,180
353,17.47,-16,20,250.52523803710938,106.87298583984375,422,216,27.37,33.43,9.15,True,True,0,506,190,490,278,877,421,320,180
354,17.96,-17,20,251.31594848632812,106.53262329101562,423,216,27.3,33.52,9.15,True,True,0,506,190,490,299,877,402,320,180
355,17.85,-16,25,250.01800537109375,100.56806945800781,423,211,27.23,33.61,9.15,True,True,0,506,190,490,319,877,382,320,180
356,16.48,-15,30,248.49374389648438,95.56962585449219,422,206,27.15,33.7,9.15,True,True,0,506,190,490,340,877,360,320,180
357,17.73,-13,38,247.70187377929688,87.66575622558594,420,198,40.05,33.79,13.53,False,True,0,506,190,490,360,877,341,320,180
358,16.88,-11,50,248.63272094726562,77.58580017089844,415,184,39.94,33.88,13.53,False,True,0,506,191,490,381,877,319,320,180
359,17.48,-15,56,255.3740234375,73.51043701171875,415,176,39.84,33.97,13.53,False,True,0,506,192,490,402,877,298,320,180
360,17.07,-11,57,254.62033081054688,74.88151550292969,409,174,39.73,34.06,13.53,False,True,0,506,192,490,422,877,277,320,180
361,18.44,-9,61,255.30856323242188,71.02394104003906,404,168,39.63,34.15,13.53,False,True,0,506,194,490,437,877,259,320,180
362,19.23,-8,61,257.6734619140625,73.51344299316406,400,166,39.54,34.23,13.53,False,True,0,506,196,490,450,877,238,320,180
363,18.94,-11,51,261.8338623046875,83.50393676757812,402,175,39.44,34.32,13.53,False,True,0,506,199,490,448,877,219,320,180
364,17.37,-14,38,263.5690002441406,95.62013244628906,406,189,39.33,34.41,13.53,False,True,0,506,199,490,448,877,198,320,180
365,16.92,-12,23,257.78289794921875,108.35548400878906,407,207,39.23,34.5,13.53,True,True,0,506,199,490,448,877,188,320,180
366,17.25,-7,6,254.74017333984375,126.77117919921875,402,224,39.12,34.6,13.53,True,True,0,506,199,490,448,877,188,320,180
367,17.35,-6,-10,253.18096923828125,142.20166015625,399,239,39.02,34.69,13.53,True,True,0,506,199,490,448,877,188,320,180
368,17.0,-4,-23,252.46743774414062,155.1610565185547,397,252,38.91,34.78,13.53,True,True,0,506,199,490,448,877,188,320,180
369,17.03,-1,-29,248.41488647460938,159.559326171875,396,259,38.81,34.87,13.53,True,True,0,506,199,490,448,877,188,320,180
370,16.99,-5,-29,251.18768310546875,158.9113311767578,400,261,38.7,34.97,13.53,True,True,0,506,199,490,448,877,188,320,180
371,17.24,-3,-31,248.97677612304688,159.47708129882812,399,263,40.01,35.06,14.02,False,True,0,506,199,490,448,877,188,320,180
372,16.97,-4,-32,250.02630615234375,161.08804321289062,399,264,39.9,35.16,14.02,False,True,0,506,196,490,448,877,188,320,180
373,16.18,-3,-34,249.2626953125,162.8308868408203,398,267,39.79,35.25,14.02,False,True,0,506,194,490,448,877,188,320,180
374,15.89,-3,-37,248.7308349609375,164.13978576660156,398,270,39.68,35.36,14.02,False,True,0,506,191,490,448,877,188,320,180
375,16.16,-5,-32,249.1412353515625,158.33319091796875,402,268,39.57,35.45,14.02,False,True,0,506,188,490,448,877,188,320,180
376,16.04,-6,-34,249.40582275390625,159.50259399414062,403,270,39.45,35.56,14.02,False,True,0,506,185,490,448,877,188,320,180
377,15.78,-5,-25,246.76486206054688,148.34022521972656,405,263,39.34,35.66,14.02,True,True,0,506,182,490,448,877,188,320,180
378,14.88,-7,-12,245.03948974609375,133.234619140625,410,252,39.22,35.77,14.02,True,True,0,506,182,490,448,877,188,320,180
379,15.79,-4,-5,243.11624145507812,126.73422241210938,406,245,39.11,35.87,14.02,True,True,0,506,182,490,448,877,188,320,180
380,14.94,-5,6,242.62362670898438,114.538330078125,409,235,38.99,35.98,14.02,True,True,0,506,182,490,448,877,188,320,180
381,15.47,-4,11,242.47064208984375,109.73844909667969,408,230,38.88,36.08,14.02,True,True,0,506,182,490,448,877,188,320,180
382,15.19,-3,21,240.837890625,98.28793334960938,408,220,38.77,36.19,14.02,True,True,0,506,182,490,445,873,191,320,180
383,14.89,-5,28,242.01409912109375,92.36412048339844,409,213,38.65,36.3,14.02,True,True,0,506,182,490,421,847,219,320,180
384,15.22,-4,30,242.98928833007812,91.80693054199219,407,211,38.54,36.4,14.02,True,True,0,506,182,490,399,841,242,320,180
385,15.42,-6,29,245.3277587890625,92.0306396484375,407,210,38.43,36.51,14.02,True,True,0,506,182,490,376,840,267,320,180
386,15.22,-5,35,244.522216796875,86.32658386230469,407,205,40.37,36.61,14.77,False,True,0,506,182,490,353,840,289,320,180
387,14.85,-6,35,245.56942749023438,85.50135803222656,408,205,40.25,36.72,14.77,False,True,0,506,184,490,332,840,313,320,180
388,16.15,-8,32,247.25985717773438,88.02825927734375,409,208,40.14,36.82,14.77,False,True,0,506,185,490,309,840,335,320,180
389,15.46,-8,30,248.12033081054688,91.175537109375,408,210,40.03,36.93,14.77,True,True,0,506,186,490,287,840,359,320,180
390,15.26,-9,34,249.65805053710938,86.62916564941406,410,206,40.14,37.03,14.86,False,True,0,506,186,490,265,840,382,320,180
391,15.11,-7,36,250.05364990234375,86.13334655761719,405,203,40.03,37.13,14.86,False,True,0,506,188,490,242,840,404,320,180
392,15.94,-7,34,252.626953125,89.80592346191406,404,205,39.92,37.23,14.86,False,True,0,506,190,490,221,840,424,320,180
393,16.54,-9,39,253.34603881835938,83.31300354003906,407,201,39.82,37.33,14.86,False,True,0,506,191,490,200,840,445,320,180
394,17.56,-9,53,250.85992431640625,67.84548950195312,410,189,39.73,37.42,14.86,False,True,0,506,191,490,193,839,462,320,180
395,16.75,-12,54,252.83230590820312,65.03570556640625,413,187,39.63,37.51,14.86,False,True,0,506,192,490,193,840,480,320,180
396,16.79,-14,43,253.89083862304688,76.33648681640625,416,200,39.53,37.6,14.86,False,True,0,506,194,490,193,840,498,320,180
397,17.01,-15,28,253.53057861328125,90.09371948242188,418,214,39.43,37.7,14.86,True,True,0,506,196,490,193,840,498,320,180
398,17.29,-17,18,254.63604736328125,100.99723815917969,420,225,39.34,37.79,14.86,True,True,0,506,196,490,193,840,498,320,180
399,16.81,-16,10,253.4554443359375,108.36181640625,421,232,39.24,37.88,14.86,True,True,0,506,196,490,193,840,498,320,180
400,18.31,-16,7,252.28369140625,111.33720397949219,421,236,39.15,37.96,14.86,True,True,0,506,196,490,193,840,498,320,180
401,16.38,-16,7,251.22579956054688,111.43914794921875,421,236,39.06,38.06,14.86,True,True,0,506,196,490,193,840,498,320,180
402,17.45,-17,-1,253.66152954101562,120.64601135253906,421,242,38.97,38.14,14.86,True,True,0,506,196,490,193,840,498,320,180
403,17.41,-16,-5,252.74484252929688,125.62875366210938,420,246,38.88,38.23,14.86,True,True,0,506,196,490,193,840,498,320,180
404,18.27,-16,-5,251.30050659179688,124.85133361816406,421,247,38.79,38.32,14.86,True,True,0,506,196,490,193,840,498,320,180
405,18.01,-17,-4,251.675048828125,123.511474609375,423,246,38.7,38.41,14.86,True,True,0,506,196,490,193,840,498,320,180
406,17.97,-17,-4,251.15432739257812,123.017578125,423,245,38.61,38.49,14.86,True,True,0,506,196,490,193,840,498,320,180
407,16.96,-15,-3,250.50384521484375,123.14778137207031,422,244,38.52,38.58,14.86,True,True,0,506,196,490,193,840,498,320,180
408,18.1,-17,-2,251.31195068359375,122.17918395996094,423,243,38.43,38.67,14.86,True,True,0,506,196,490,193,840,498,320,180
409,17.46,-17,-2,252.68960571289062,123.98846435546875,423,243,38.34,38.76,14.86,True,True,0,506,196,490,193,840,498,320,180
410,17.34,-15,-4,250.87075805664062,125.16671752929688,421,243,38.25,38.85,14.86,True,True,0,506,196,490,193,840,498,320,180
411,14.47,-16,-3,251.24609375,124.75515747070312,422,243,38.16,38.95,14.86,True,True,0,506,196,490,193,840,498,320,180
412,18.63,-17,-3,251.27993774414062,124.65226745605469,423,243,38.07,39.04,14.86,True,True,0,506,196,490,193,840,498,320,180
413,25.0,-16,-2,251.14474487304688,124.5450439453125,422,241,38.0,39.11,14.86,True,True,0,506,196,490,193,840,498,320,180
414,23.57,-16,-2,251.57025146484375,124.07508850097656,422,240,37.93,39.19,14.86,True,True,0,506,196,490,193,840,498,320,180
415,23.55,-16,0,251.05636596679688,123.72331237792969,421,239,37.86,39.26,14.86,True,True,0,506,196,490,193,840,498,320,180
416,24.97,-15,-1,251.78665161132812,124.136474609375,421,238,37.79,39.33,14.86,True,True,0,506,196,490,193,840,498,320,180
417,24.44,-16,0,252.30331420898438,124.72520446777344,421,238,37.72,39.41,14.86,True,True,0,506,196,490,193,840,498,320,180
418,25.09,-16,-1,252.4283447265625,125.38137817382812,422,239,37.65,39.48,14.86,True,True,0,506,196,490,193,840,498,320,180
419,22.93,-16,-1,251.583984375,124.98648071289062,422,239,37.57,39.56,14.86,True,True,0,506,196,490,193,840,498,320,180
420,23.62,-15,0,251.1043701171875,124.58692932128906,421,237,37.5,39.64,14.86,True,True,0,506,196,490,193,840,498,320,180
421,23.53,-15,-1,251.33529663085938,125.63948059082031,420,237,37.43,39.71,14.86,True,True,0,506,196,490,193,840,498,320,180
422,23.4,-16,-1,252.05194091796875,125.89167785644531,421,238,37.35,39.79,14.86,True,True,0,506,196,490,193,840,498,320,180
423,23.83,-16,-1,251.80194091796875,125.31915283203125,422,237,37.28,39.87,14.86,True,True,0,506,196,490,193,840,498,320,180
424,24.84,-17,0,252.03369140625,124.45411682128906,422,236,37.21,39.94,14.86,True,True,0,506,196,490,193,840,498,320,180
425,23.81,-16,1,252.101806640625,124.78579711914062,422,236,37.14,40.02,14.86,True,True,0,506,197,490,193,840,498,320,180
426,24.41,-14,-1,250.96408081054688,126.62480163574219,420,237,37.07,40.09,14.86,True,True,0,506,196,490,193,840,498,320,180
427,24.12,-17,0,252.81936645507812,125.44712829589844,423,237,37.01,40.17,14.86,True,True,0,506,196,490,193,840,498,320,180
428,23.76,-16,-1,251.36550903320312,126.26994323730469,421,237,36.94,40.24,14.86,True,True,0,506,196,490,193,840,498,320,180
429,22.8,-16,1,251.6629638671875,124.62364196777344,422,235,36.86,40.32,14.86,True,True,0,506,196,490,193,840,498,320,180
430,23.5,-16,0,251.439208984375,125.44630432128906,421,235,36.79,40.4,14.86,True,True,0,506,196,490,193,840,498,320,180
431,23.94,-16,0,251.7606201171875,125.95712280273438,422,236,36.72,40.48,14.86,True,True,0,506,196,490,193,840,498,320,180
432,22.87,-16,0,251.92025756835938,125.02534484863281,422,235,36.65,40.56,14.86,True,True,0,506,196,490,193,840,498,320,180
433,23.73,-16,0,251.86141967773438,125.51679992675781,422,235,36.58,40.64,14.86,True,True,0,506,196,490,193,840,498,320,180
434,24.46,-16,0,251.8214111328125,125.94984436035156,422,236,36.51,40.71,14.86,True,True,0,506,196,490,193,840,498,320,180
435,24.06,-17,0,252.02151489257812,126.22163391113281,422,236,36.44,40.79,14.86,True,True,0,506,196,490,193,840,498,320,180
436,24.74,-17,0,252.03753662109375,126.02326965332031,422,235,36.37,40.87,14.86,True,True,0,506,196,490,193,840,498,320,180
437,24.75,-16,1,251.50302124023438,125.91598510742188,422,235,36.3,40.95,14.86,True,True,0,506,196,490,193,840,498,320,180
438,24.02,-17,1,252.94940185546875,125.79428100585938,423,235,36.23,41.03,14.86,True,True,0,506,196,490,193,840,498,320,180
439,23.65,-16,-1,251.60040283203125,127.17643737792969,422,236,43.45,41.11,17.86,True,True,0,506,196,490,193,840,498,320,180
